,date,interest
0,2012-09-11,1.0001180742644606
1,2012-09-12,1.0001180742644606
2,2012-09-13,1.0001188446661027
3,2012-09-14,1.0001188446661027
4,2012-09-17,1.0001196149188178
5,2012-09-18,1.0001192298110724
6,2012-09-19,1.0001199999893458
7,2012-09-20,1.0001180742644606
8,2012-09-21,1.0001184594839012
9,2012-09-24,1.0001180742644606
10,2012-09-25,1.0001180742644606
11,2012-09-26,1.0001180742644606
12,2012-09-27,1.0001184594839012
13,2012-09-28,1.0001176890077743
14,2012-10-02,1.0001165330141661
15,2012-10-04,1.000116147608423
16,2012-10-05,1.000116147608423
17,2012-10-08,1.000116147608423
18,2012-10-09,1.000116147608423
19,2012-10-10,1.0001149911674716
20,2012-10-11,1.000115376685083
21,2012-10-12,1.0001157621653978
22,2012-10-15,1.0001157621653978
23,2012-10-16,1.000116147608423
24,2012-10-17,1.0001169183826342
25,2012-10-18,1.0001184594839012
26,2012-10-19,1.0001184594839012
27,2012-10-22,1.0001211549776987
28,2012-10-23,1.0001211549776987
29,2012-10-24,1.000120770018779
30,2012-10-25,1.000120770018779
31,2012-10-26,1.0001196149188178
32,2012-10-29,1.0001196149188178
33,2012-10-30,1.0001196149188178
34,2012-10-31,1.0001192298110724
35,2012-11-01,1.0001192298110724
36,2012-11-02,1.0001196149188178
37,2012-11-05,1.0001211549776987
38,2012-11-06,1.0001211549776987
39,2012-11-07,1.0001211549776987
40,2012-11-08,1.0001203850226639
41,2012-11-09,1.0001211549776987
42,2012-11-12,1.0001211549776987
43,2012-11-13,1.000120770018779
44,2012-11-14,1.0001211549776987
45,2012-11-15,1.0001211549776987
46,2012-11-16,1.000120770018779
47,2012-11-19,1.0001215398994299
48,2012-11-20,1.0001223096313556
49,2012-11-21,1.0001226944415644
50,2012-11-22,1.0001238486492623
51,2012-11-23,1.0001246179353585
52,2012-11-26,1.000124233310876
53,2012-11-27,1.0001250025227173
54,2012-11-28,1.000124233310876
55,2012-11-29,1.000124233310876
56,2012-11-30,1.0001246179353585
57,2012-12-03,1.0001265405010593
58,2012-12-04,1.0001265405010593
59,2012-12-05,1.0001284621395639
60,2012-12-06,1.0001280778859956
61,2012-12-07,1.0001276935953682
62,2012-12-10,1.00012884635608
63,2012-12-11,1.00012884635608
64,2012-12-12,1.00012884635608
65,2012-12-13,1.000129614677985
66,2012-12-14,1.000129998783388
67,2012-12-17,1.0001311508774855
68,2012-12-18,1.000133070294371
69,2012-12-20,1.0001334540668207
70,2012-12-21,1.000133070294371
71,2012-12-24,1.0001334540668207
72,2012-12-26,1.0001342215008502
73,2012-12-27,1.000133070294371
74,2012-12-28,1.0001311508774855
75,2012-12-31,1.0001311508774855
76,2013-01-02,1.000131534834838
77,2013-01-03,1.000129614677985
78,2013-01-04,1.000129998783388
79,2013-01-07,1.000131534834838
80,2013-01-08,1.000129998783388
81,2013-01-09,1.000129614677985
82,2013-01-10,1.0001280778859956
83,2013-01-11,1.0001284621395639
84,2013-01-14,1.00012884635608
85,2013-01-15,1.0001280778859956
86,2013-01-16,1.0001284621395639
87,2013-01-17,1.0001276935953682
88,2013-01-18,1.0001284621395639
89,2013-01-21,1.0001284621395639
90,2013-01-22,1.0001292305355514
91,2013-01-23,1.00012884635608
92,2013-01-24,1.0001284621395639
93,2013-01-25,1.0001280778859956
94,2013-01-28,1.00012884635608
95,2013-01-29,1.0001292305355514
96,2013-01-30,1.000129998783388
97,2013-01-31,1.000129998783388
98,2013-02-01,1.0001307668831312
99,2013-02-04,1.0001303828517678
100,2013-02-05,1.000129614677985
101,2013-02-06,1.000129998783388
102,2013-02-07,1.000129614677985
103,2013-02-08,1.000129614677985
104,2013-02-12,1.0001292305355514
105,2013-02-13,1.000129998783388
106,2013-02-14,1.000129998783388
107,2013-02-15,1.000129614677985
108,2013-02-18,1.0001292305355514
109,2013-02-19,1.0001284621395639
110,2013-02-20,1.00012884635608
111,2013-02-21,1.0001276935953682
112,2013-02-22,1.0001280778859956
113,2013-02-25,1.0001280778859956
114,2013-02-26,1.0001269249029072
115,2013-02-27,1.0001253870729598
116,2013-02-28,1.0001257715860927
117,2013-03-04,1.0001253870729598
118,2013-03-05,1.0001246179353585
119,2013-03-06,1.0001250025227173
120,2013-03-07,1.0001257715860927
121,2013-03-08,1.0001257715860927
122,2013-03-11,1.0001257715860927
123,2013-03-12,1.0001238486492623
124,2013-03-13,1.000124233310876
125,2013-03-14,1.000124233310876
126,2013-03-15,1.000124233310876
127,2013-03-18,1.0001230792146139
128,2013-03-19,1.0001230792146139
129,2013-03-20,1.0001234639505108
130,2013-03-21,1.0001230792146139
131,2013-03-22,1.0001226944415644
132,2013-03-25,1.0001226944415644
133,2013-03-26,1.0001234639505108
134,2013-03-27,1.000124233310876
135,2013-03-28,1.0001199999893458
136,2013-03-29,1.0001219247839797
137,2013-04-01,1.000124233310876
138,2013-04-02,1.0001246179353585
139,2013-04-03,1.0001238486492623
140,2013-04-04,1.0001230792146139
141,2013-04-05,1.0001219247839797
142,2013-04-08,1.0001215398994299
143,2013-04-09,1.0001223096313556
144,2013-04-10,1.0001219247839797
145,2013-04-11,1.0001257715860927
146,2013-04-12,1.0001265405010593
147,2013-04-15,1.0001261560621235
148,2013-04-16,1.0001246179353585
149,2013-04-17,1.0001246179353585
150,2013-04-18,1.0001234639505108
151,2013-04-19,1.0001238486492623
152,2013-04-22,1.0001238486492623
153,2013-04-23,1.0001226944415644
154,2013-04-24,1.0001223096313556
155,2013-04-25,1.0001215398994299
156,2013-04-26,1.0001211549776987
157,2013-04-29,1.0001211549776987
158,2013-04-30,1.0001203850226639
159,2013-05-02,1.0001188446661027
160,2013-05-03,1.0001196149188178
161,2013-05-06,1.0001219247839797
162,2013-05-07,1.0001211549776987
163,2013-05-08,1.0001215398994299
164,2013-05-09,1.0001215398994299
165,2013-05-10,1.0001219247839797
166,2013-05-13,1.0001226944415644
167,2013-05-14,1.0001223096313556
168,2013-05-15,1.0001223096313556
169,2013-05-16,1.0001226944415644
170,2013-05-20,1.000124233310876
171,2013-05-21,1.000124233310876
172,2013-05-22,1.0001246179353585
173,2013-05-23,1.0001246179353585
174,2013-05-24,1.0001250025227173
175,2013-05-27,1.0001246179353585
176,2013-05-28,1.0001253870729598
177,2013-05-29,1.00012884635608
178,2013-05-30,1.00012884635608
179,2013-05-31,1.0001311508774855
180,2013-06-03,1.000131534834838
181,2013-06-04,1.0001319187551956
182,2013-06-05,1.0001323026385656
183,2013-06-07,1.0001311508774855
184,2013-06-10,1.0001323026385656
185,2013-06-11,1.0001338378023115
186,2013-06-12,1.0001361394395134
187,2013-06-13,1.000134605162444
188,2013-06-14,1.000132686484955
189,2013-06-17,1.0001357559256276
190,2013-06-18,1.0001349887871
191,2013-06-19,1.0001361394395134
192,2013-06-20,1.0001422706468646
193,2013-06-21,1.0001483924345327
194,2013-06-24,1.0001525957144555
195,2013-06-25,1.0001499214130207
196,2013-06-26,1.0001472453155256
197,2013-06-27,1.0001449500863215
198,2013-06-28,1.0001434191986924
199,2013-07-01,1.0001460978661854
200,2013-07-02,1.000143036384867
201,2013-07-03,1.0001441847160273
202,2013-07-04,1.0001449500863215
203,2013-07-05,1.0001472453155256
204,2013-07-08,1.00015144980504
205,2013-07-09,1.0001510677619918
206,2013-07-10,1.0001487747341609
207,2013-07-11,1.0001434191986924
208,2013-07-12,1.0001438019757436
209,2013-07-15,1.000146480386014
210,2013-07-16,1.000146480386014
211,2013-07-17,1.0001476277252221
212,2013-07-18,1.0001460978661854
213,2013-07-19,1.000146480386014
214,2013-07-22,1.0001468628691252
215,2013-07-23,1.000146480386014
216,2013-07-24,1.0001468628691252
217,2013-07-25,1.0001487747341609
218,2013-07-26,1.0001483924345327
219,2013-07-29,1.000146480386014
220,2013-07-30,1.000146480386014
221,2013-07-31,1.0001472453155256
222,2013-08-01,1.0001472453155256
223,2013-08-02,1.0001503035659893
224,2013-08-05,1.0001487747341609
225,2013-08-06,1.0001491569971135
226,2013-08-07,1.00015144980504
227,2013-08-08,1.00015144980504
228,2013-08-09,1.00015144980504
229,2013-08-12,1.0001499214130207
230,2013-08-13,1.0001506856823106
231,2013-08-14,1.000153741294426
232,2013-08-16,1.0001541230812387
233,2013-08-19,1.0001567945651684
234,2013-08-20,1.000153741294426
235,2013-08-21,1.0001545048314746
236,2013-08-22,1.0001564130342466
237,2013-08-23,1.0001564130342466
238,2013-08-26,1.0001548865451408
239,2013-08-27,1.0001545048314746
240,2013-08-28,1.0001525957144555
241,2013-08-29,1.0001518318114617
242,2013-08-30,1.0001499214130207
243,2013-09-02,1.0001518318114617
244,2013-09-03,1.0001522137812646
245,2013-09-04,1.000153359471029
246,2013-09-05,1.0001556498627913
247,2013-09-06,1.0001552682222439
248,2013-09-09,1.00015144980504
249,2013-09-10,1.0001522137812646
250,2013-09-11,1.0001506856823106
251,2013-09-12,1.0001491569971135
252,2013-09-13,1.0001506856823106
253,2013-09-16,1.0001480100982223
254,2013-09-17,1.0001472453155256
255,2013-09-23,1.000145332716346
256,2013-09-24,1.0001449500863215
257,2013-09-25,1.0001449500863215
258,2013-09-26,1.000146480386014
259,2013-09-27,1.0001457153096316
260,2013-09-30,1.0001449500863215
261,2013-10-01,1.0001457153096316
262,2013-10-02,1.0001449500863215
263,2013-10-04,1.000145332716346
264,2013-10-07,1.0001460978661854
265,2013-10-08,1.0001472453155256
266,2013-10-10,1.0001487747341609
267,2013-10-11,1.0001487747341609
268,2013-10-14,1.0001499214130207
269,2013-10-15,1.0001495392233977
270,2013-10-16,1.0001487747341609
271,2013-10-17,1.0001480100982223
272,2013-10-18,1.0001460978661854
273,2013-10-21,1.000146480386014
274,2013-10-22,1.000146480386014
275,2013-10-23,1.000143036384867
276,2013-10-24,1.0001441847160273
277,2013-10-25,1.000144567419551
278,2013-10-28,1.0001462891306898
279,2013-10-29,1.0001456387939134
280,2013-10-30,1.000145026615266
281,2013-10-31,1.0001463656339211
282,2013-11-01,1.0001481248029676
283,2013-11-04,1.0001493863372837
284,2013-11-05,1.0001504946287305
285,2013-11-06,1.0001499978465465
286,2013-11-07,1.0001503035659893
287,2013-11-08,1.0001491569971135
288,2013-11-11,1.0001512205836067
289,2013-11-12,1.0001517936124675
290,2013-11-13,1.0001508003100619
291,2013-11-14,1.0001511823787523
292,2013-11-15,1.0001517936124675
293,2013-11-18,1.0001518318114617
294,2013-11-19,1.000153283101959
295,2013-11-20,1.0001533212866769
296,2013-11-21,1.0001551155557897
297,2013-11-22,1.0001539703709033
298,2013-11-25,1.000154543004487
299,2013-11-26,1.0001541994342118
300,2013-11-27,1.0001543139609284
301,2013-11-28,1.0001549628834863
302,2013-11-29,1.0001559169894274
303,2013-12-02,1.0001573667930639
304,2013-12-03,1.0001567182619064
305,2013-12-04,1.000156298567846
306,2013-12-05,1.0001570616150792
307,2013-12-06,1.0001561840981572
308,2013-12-09,1.0001551155557897
309,2013-12-10,1.0001550392203693
310,2013-12-11,1.0001556117003814
311,2013-12-12,1.0001553063879436
312,2013-12-13,1.000154543004487
313,2013-12-16,1.0001531303594278
314,2013-12-17,1.000152328365066
315,2013-12-18,1.0001528630459087
316,2013-12-19,1.000152824856799
317,2013-12-20,1.000152672096701
318,2013-12-23,1.0001508003100619
319,2013-12-24,1.000150456416915
320,2013-12-26,1.0001500742786062
321,2013-12-27,1.0001493098920269
322,2013-12-30,1.0001506092619779
323,2013-12-31,1.0001506092619779
324,2014-01-02,1.0001538558343106
325,2014-01-03,1.0001552682222439
326,2014-01-06,1.0001544284843533
327,2014-01-07,1.0001546956928784
328,2014-01-08,1.0001551537229516
329,2014-01-09,1.0001550010521105
330,2014-01-10,1.0001540467268024
331,2014-01-13,1.0001529394230297
332,2014-01-14,1.0001533976550152
333,2014-01-15,1.0001542376101498
334,2014-01-16,1.0001540467268024
335,2014-01-17,1.0001541612579081
336,2014-01-20,1.000154352135769
337,2014-01-21,1.0001547338640622
338,2014-01-22,1.0001552682222439
339,2014-01-23,1.0001547720348805
340,2014-01-24,1.0001528630459087
341,2014-01-27,1.000153283101959
342,2014-01-28,1.0001530157986869
343,2014-01-29,1.0001533212866769
344,2014-02-03,1.0001536649326734
345,2014-02-04,1.00015144980504
346,2014-02-05,1.0001512205836067
347,2014-02-06,1.0001508385185796
348,2014-02-07,1.0001511823787523
349,2014-02-10,1.0001506856823106
350,2014-02-11,1.000150188923947
351,2014-02-12,1.0001499978465465
352,2014-02-13,1.0001483542025524
353,2014-02-14,1.0001474747657475
354,2014-02-17,1.0001483542025524
355,2014-02-18,1.0001490805474567
356,2014-02-19,1.0001481630371487
357,2014-02-20,1.0001479336265575
358,2014-02-21,1.0001488129621063
359,2014-02-24,1.0001485071282725
360,2014-02-25,1.0001482395044108
361,2014-02-26,1.0001488894168973
362,2014-02-27,1.0001483924345327
363,2014-02-28,1.000148621818711
364,2014-03-03,1.0001501124940864
365,2014-03-04,1.0001513351959717
366,2014-03-05,1.0001506856823106
367,2014-03-06,1.0001510295556724
368,2014-03-07,1.00015144980504
369,2014-03-10,1.0001510677619918
370,2014-03-11,1.0001509149345158
371,2014-03-12,1.000150188923947
372,2014-03-13,1.0001498067599828
373,2014-03-14,1.0001477806788253
374,2014-03-17,1.0001491569971135
375,2014-03-18,1.0001496156642549
376,2014-03-19,1.0001486982771695
377,2014-03-20,1.0001492716688485
378,2014-03-21,1.0001498067599828
379,2014-03-24,1.0001499978465465
380,2014-03-25,1.0001492334453035
381,2014-03-26,1.0001494245593623
382,2014-03-27,1.0001491569971135
383,2014-03-28,1.0001483542025524
384,2014-03-31,1.0001483542025524
385,2014-04-01,1.0001492716688485
386,2014-04-02,1.0001503799921851
387,2014-04-03,1.0001506092619779
388,2014-04-04,1.000150456416915
389,2014-04-07,1.0001491187724685
390,2014-04-08,1.000149462781074
391,2014-04-09,1.0001487747341609
392,2014-04-10,1.0001489276437425
393,2014-04-11,1.0001487365058486
394,2014-04-14,1.0001488894168973
395,2014-04-15,1.0001488511896852
396,2014-04-16,1.0001489276437425
397,2014-04-17,1.0001478189163089
398,2014-04-18,1.0001483924345327
399,2014-04-21,1.0001490423220782
400,2014-04-22,1.0001488894168973
401,2014-04-23,1.0001486982771695
402,2014-04-24,1.0001487747341609
403,2014-04-25,1.0001484306661461
404,2014-04-28,1.0001487365058486
405,2014-04-29,1.0001484306661461
406,2014-04-30,1.0001484688973927
407,2014-05-02,1.000147895390175
408,2014-05-07,1.0001464421356836
409,2014-05-08,1.0001462126259897
410,2014-05-09,1.0001449118212982
411,2014-05-12,1.000145332716346
412,2014-05-13,1.0001457153096316
413,2014-05-14,1.0001452561932807
414,2014-05-15,1.0001418494282306
415,2014-05-16,1.0001420026037948
416,2014-05-19,1.0001416196538429
417,2014-05-20,1.000142079189369
418,2014-05-21,1.0001418494282306
419,2014-05-22,1.0001428449641616
420,2014-05-23,1.000142117481604
421,2014-05-26,1.0001415813568233
422,2014-05-27,1.0001411217638765
423,2014-05-28,1.000139934236683
424,2014-05-29,1.0001384397479829
425,2014-05-30,1.000139091260691
426,2014-06-02,1.0001401257972669
427,2014-06-03,1.0001405471981375
428,2014-06-05,1.0001408536435086
429,2014-06-09,1.0001406621179134
430,2014-06-10,1.0001391679022418
431,2014-06-11,1.0001396277205925
432,2014-06-12,1.0001384780752087
433,2014-06-13,1.0001384780752087
434,2014-06-16,1.000139091260691
435,2014-06-17,1.0001385547285546
436,2014-06-18,1.0001384780752087
437,2014-06-19,1.0001362544864816
438,2014-06-20,1.0001348353416697
439,2014-06-23,1.0001349120651235
440,2014-06-24,1.0001339912861609
441,2014-06-25,1.000133876173828
442,2014-06-26,1.00013368431255
443,2014-06-27,1.0001331086732794
444,2014-06-30,1.0001327632497958
445,2014-07-01,1.0001329935354453
446,2014-07-02,1.0001309204853137
447,2014-07-03,1.0001315732285383
448,2014-07-04,1.0001320723129816
449,2014-07-07,1.0001320723129816
450,2014-07-08,1.0001329935354453
451,2014-07-09,1.0001334540668207
452,2014-07-10,1.000130805284232
453,2014-07-11,1.0001297683245896
454,2014-07-14,1.0001298067353148
455,2014-07-15,1.0001290384504458
456,2014-07-16,1.000127924174192
457,2014-07-17,1.0001256562360488
458,2014-07-18,1.0001261945076863
459,2014-07-21,1.0001270786532634
460,2014-07-22,1.0001269249029072
461,2014-07-23,1.000126425173273
462,2014-07-24,1.0001278473160666
463,2014-07-25,1.0001275783009524
464,2014-07-28,1.000128001030835
465,2014-07-29,1.0001284621395639
466,2014-07-30,1.000128538985831
467,2014-07-31,1.0001294226113975
468,2014-08-01,1.0001317267996406
469,2014-08-04,1.0001319187551956
470,2014-08-05,1.000130958884934
471,2014-08-06,1.0001316116218688
472,2014-08-07,1.0001313044648663
473,2014-08-08,1.0001294994391434
474,2014-08-11,1.0001298067353148
475,2014-08-12,1.0001301908222053
476,2014-08-13,1.0001301140077892
477,2014-08-14,1.0001298067353148
478,2014-08-18,1.0001309204853137
479,2014-08-19,1.000132417796365
480,2014-08-20,1.0001324561815585
481,2014-08-21,1.0001327248675602
482,2014-08-22,1.0001328016316617
483,2014-08-25,1.0001314580463272
484,2014-08-26,1.0001299219652695
485,2014-08-27,1.000129192119271
486,2014-08-28,1.00012934578217
487,2014-08-29,1.0001281547396736
488,2014-09-01,1.0001283084425832
489,2014-09-02,1.0001292305355514
490,2014-09-03,1.0001306516776085
491,2014-09-04,1.0001305748720761
492,2014-09-05,1.0001297299134937
493,2014-09-11,1.0001301140077892
494,2014-09-12,1.000127924174192
495,2014-09-15,1.0001292305355514
496,2014-09-16,1.0001290384504458
497,2014-09-17,1.0001284237158745
498,2014-09-18,1.000127501436155
499,2014-09-19,1.000127501436155
500,2014-09-22,1.000125733136449
501,2014-09-23,1.0001253101658802
502,2014-09-24,1.0001247717747566
503,2014-09-25,1.0001243487021192
504,2014-09-26,1.0001236178344683
505,2014-09-29,1.0001230022629763
506,2014-09-30,1.0001211164834802
507,2014-10-01,1.0001194993904023
508,2014-10-02,1.0001204235239494
509,2014-10-06,1.0001213089508534
510,2014-10-07,1.000121693857711
511,2014-10-08,1.0001211549776987
512,2014-10-10,1.0001203850226639
513,2014-10-13,1.0001203850226639
514,2014-10-14,1.000120770018779
515,2014-10-15,1.000120462024863
516,2014-10-16,1.0001176119519668
517,2014-10-17,1.0001170339859071
518,2014-10-20,1.0001183439219794
519,2014-10-21,1.0001172651823913
520,2014-10-22,1.000117380775603
521,2014-10-23,1.000116147608423
522,2014-10-24,1.0001152995845446
523,2014-10-27,1.0001162632340603
524,2014-10-28,1.0001161090657984
525,2014-10-29,1.0001157236190443
526,2014-10-30,1.000115068273978
527,2014-10-31,1.0001139886470818
528,2014-11-03,1.0001151068266716
529,2014-11-04,1.0001143742616982
530,2014-11-05,1.0001146056125563
531,2014-11-06,1.0001148369499824
532,2014-11-07,1.000115916347082
533,2014-11-10,1.000116224692554
534,2014-11-11,1.0001172266505756
535,2014-11-12,1.000118420963633
536,2014-11-13,1.0001191527850566
537,2014-11-14,1.0001191912982506
538,2014-11-17,1.000118883182275
539,2014-11-18,1.000118498003797
540,2014-11-19,1.0001181898342033
541,2014-11-20,1.0001172266505756
542,2014-11-21,1.0001175734235042
543,2014-11-24,1.0001163403159543
544,2014-11-25,1.000115376685083
545,2014-11-26,1.0001148369499824
546,2014-11-27,1.0001151453789923
547,2014-11-28,1.0001129858743902
548,2014-12-01,1.0001124458153159
549,2014-12-02,1.0001133715860608
550,2014-12-03,1.0001166486286202
551,2014-12-04,1.0001181127880807
552,2014-12-05,1.0001183439219794
553,2014-12-08,1.0001213089508534
554,2014-12-09,1.0001192683235218
555,2014-12-10,1.0001196919359006
556,2014-12-11,1.0001175348946691
557,2014-12-12,1.000117380775603
558,2014-12-15,1.0001172266505756
559,2014-12-16,1.000116224692554
560,2014-12-17,1.0001164559359996
561,2014-12-18,1.0001170339859071
562,2014-12-19,1.000117149585826
563,2014-12-22,1.0001154923330933
564,2014-12-23,1.000115646525219
565,2014-12-24,1.0001153381350003
566,2014-12-26,1.0001150297209114
567,2014-12-29,1.0001134872922817
568,2014-12-30,1.000113217305873
569,2014-12-31,1.000113217305873
570,2015-01-02,1.0001152224825145
571,2015-01-05,1.0001145284970963
572,2015-01-06,1.0001120600140132
573,2015-01-07,1.0001122914992775
574,2015-01-08,1.0001121371772623
575,2015-01-09,1.000111751346073
576,2015-01-12,1.0001083930373367
577,2015-01-13,1.000107311599982
578,2015-01-14,1.0001047999882633
579,2015-01-15,1.0001076592368565
580,2015-01-16,1.000102248115419
581,2015-01-19,1.0001039495455641
582,2015-01-20,1.0001030989213084
583,2015-01-21,1.000103369594179
584,2015-01-22,1.0001044907573744
585,2015-01-23,1.0001017839628947
586,2015-01-26,1.0001005459584267
587,2015-01-27,1.0001003524854768
588,2015-01-28,1.0000990753283416
589,2015-01-29,1.000097371815109
590,2015-01-30,1.000097759041166
591,2015-02-02,1.0000980300770164
592,2015-02-03,1.0000972169141484
593,2015-02-04,1.0000987656528304
594,2015-02-05,1.0000995010928742
595,2015-02-06,1.0000991140360882
596,2015-02-09,1.0000997720102545
597,2015-02-10,1.000101667916315
598,2015-02-11,1.000101822644337
599,2015-02-12,1.0001035242561356
600,2015-02-13,1.0001033309277518
601,2015-02-16,1.0001060366718848
602,2015-02-17,1.0001030989213084
603,2015-02-23,1.0001052251415536
604,2015-02-24,1.000105457024229
605,2015-02-25,1.0001036402486636
606,2015-02-26,1.0001031762582906
607,2015-02-27,1.0001028282300493
608,2015-03-02,1.000101822644337
609,2015-03-03,1.0001028669013552
610,2015-03-04,1.0001036789120892
611,2015-03-05,1.0001031375899871
612,2015-03-06,1.0001023641451021
613,2015-03-09,1.000104065525712
614,2015-03-10,1.0001041815024843
615,2015-03-11,1.000101822644337
616,2015-03-12,1.0001027508863118
617,2015-03-13,1.0001029442428409
618,2015-03-16,1.0001014358130154
619,2015-03-17,1.0001014358130154
620,2015-03-18,1.0000999655113916
621,2015-03-19,1.0000967134444334
622,2015-03-20,1.0000969070941603
623,2015-03-23,1.0000962099110928
624,2015-03-24,1.0000960937020538
625,2015-03-25,1.0000955513483862
626,2015-03-26,1.0000959774896254
627,2015-03-27,1.0000962099110928
628,2015-03-30,1.000095163907706
629,2015-03-31,1.0000956288320015
630,2015-04-01,1.000095396376635
631,2015-04-02,1.0000943889133052
632,2015-04-03,1.0000932649036034
633,2015-04-06,1.0000922956751612
634,2015-04-07,1.0000933036678377
635,2015-04-08,1.0000934974833515
636,2015-04-09,1.000092140576729
637,2015-04-10,1.0000920242489424
638,2015-04-13,1.000093226138992
639,2015-04-14,1.0000934199582772
640,2015-04-15,1.0000940401166398
641,2015-04-16,1.0000953188884991
642,2015-04-17,1.0000934974833515
643,2015-04-20,1.000094582676038
644,2015-04-21,1.0000954738632641
645,2015-04-22,1.0000955900903823
646,2015-04-23,1.0000991140360882
647,2015-04-24,1.0001003137897595
648,2015-04-27,1.0001011263209156
649,2015-04-28,1.0001047226827908
650,2015-04-29,1.0001057275369623
651,2015-04-30,1.0001063844200069
652,2015-05-04,1.0001093583584388
653,2015-05-06,1.0001124843933915
654,2015-05-07,1.0001114426542195
655,2015-05-08,1.0001066162352281
656,2015-05-11,1.0001079682219514
657,2015-05-12,1.000113217305873
658,2015-05-13,1.000111365477519
659,2015-05-14,1.0001097058167927
660,2015-05-15,1.0001102076475967
661,2015-05-18,1.0001105164351412
662,2015-05-19,1.0001116741753517
663,2015-05-20,1.0001096286064437
664,2015-05-21,1.0001102076475967
665,2015-05-22,1.0001092811413563
666,2015-05-26,1.0001094741812568
667,2015-05-27,1.0001077364853765
668,2015-05-28,1.0001060366718848
669,2015-05-29,1.000101822644337
670,2015-06-01,1.0001033309277518
671,2015-06-02,1.0001031375899871
672,2015-06-03,1.0001065003293033
673,2015-06-04,1.0001084316546713
674,2015-06-05,1.0001081613254685
675,2015-06-08,1.000109165312927
676,2015-06-09,1.0001075819868388
677,2015-06-10,1.0001083158015445
678,2015-06-11,1.0001102462473483
679,2015-06-12,1.0001077364853765
680,2015-06-15,1.0001088950334964
681,2015-06-16,1.0001092811413563
682,2015-06-17,1.0001107480100964
683,2015-06-18,1.0001093197500848
684,2015-06-19,1.0001068094042773
685,2015-06-22,1.000110169047471
686,2015-06-23,1.000109242532254
687,2015-06-24,1.00010866335082
688,2015-06-25,1.0001093197500848
689,2015-06-26,1.0001093197500848
690,2015-06-29,1.0001075819868388
691,2015-06-30,1.000107620612035
692,2015-07-01,1.0001081613254685
693,2015-07-02,1.0001101304469713
694,2015-07-03,1.0001098988361201
695,2015-07-06,1.0001076592368565
696,2015-07-07,1.0001088178074344
697,2015-07-08,1.000107813732399
698,2015-07-09,1.000108277183087
699,2015-07-10,1.000108933645966
700,2015-07-13,1.000109010869783
701,2015-07-14,1.0001088178074344
702,2015-07-15,1.000108701965535
703,2015-07-16,1.0001084316546713
704,2015-07-17,1.0001080454644813
705,2015-07-20,1.0001080454644813
706,2015-07-21,1.000107775109075
707,2015-07-22,1.0001066935039715
708,2015-07-23,1.000104413445902
709,2015-07-24,1.0001030215828253
710,2015-07-27,1.000103794900115
711,2015-07-28,1.0001049159436597
712,2015-07-29,1.0001041815024843
713,2015-07-30,1.0001051091951552
714,2015-07-31,1.000105843465369
715,2015-08-03,1.0001053024372781
716,2015-08-04,1.0001055343154555
717,2015-08-05,1.0001059207490994
718,2015-08-06,1.0001053797315032
719,2015-08-07,1.0001053797315032
720,2015-08-10,1.0001031375899871
721,2015-08-11,1.0001020547251047
722,2015-08-12,1.0000995784997195
723,2015-08-13,1.0001007394219823
724,2015-08-17,1.0000998881120644
725,2015-08-18,1.0000996559050612
726,2015-08-19,1.0001009715658506
727,2015-08-20,1.0000998881120644
728,2015-08-21,1.0000991527434588
729,2015-08-24,1.0000967521751318
730,2015-08-25,1.0000972169141484
731,2015-08-26,1.0000980300770164
732,2015-08-27,1.0000981462295944
733,2015-08-28,1.0000994236845249
734,2015-08-31,1.0000998881120644
735,2015-09-01,1.0001003524854768
736,2015-09-02,1.0000991140360882
737,2015-09-03,1.0000998107112338
738,2015-09-04,1.0000984946670135
739,2015-09-07,1.0000974492633308
740,2015-09-08,1.000097410539408
741,2015-09-09,1.0000981462295944
742,2015-09-10,1.0000971394614098
743,2015-09-11,1.0000974879868774
744,2015-09-14,1.0000986495183084
745,2015-09-15,1.000097875201645
746,2015-09-16,1.0000988430739646
747,2015-09-17,1.0000986882301919
748,2015-09-18,1.0000955900903823
749,2015-09-21,1.0000940788733326
750,2015-09-22,1.000093923844299
751,2015-09-23,1.000093226138992
752,2015-09-24,1.0000940401166398
753,2015-09-25,1.0000929935434042
754,2015-09-30,1.0000900461567677
755,2015-10-01,1.000091403776716
756,2015-10-02,1.0000905892602583
757,2015-10-05,1.000089192558829
758,2015-10-06,1.0000894641780098
759,2015-10-07,1.0000903177177667
760,2015-10-08,1.000090395303224
761,2015-10-12,1.0000922181266998
762,2015-10-13,1.0000913262108932
763,2015-10-14,1.0000907832078514
764,2015-10-15,1.0000879506352913
765,2015-10-16,1.0000887268828649
766,2015-10-19,1.0000890761449404
767,2015-10-20,1.0000896581803744
768,2015-10-21,1.0000888433069584
769,2015-10-22,1.0000880670820687
770,2015-10-23,1.0000875624547862
771,2015-10-26,1.0000876400939127
772,2015-10-27,1.000086902461122
773,2015-10-28,1.0000857763372004
774,2015-10-29,1.0000865530084473
775,2015-10-30,1.0000890761449404
776,2015-11-02,1.0000893089693168
777,2015-11-03,1.0000912098593282
778,2015-11-04,1.0000916752452043
779,2015-11-05,1.0000905116785777
780,2015-11-06,1.0000919079177597
781,2015-11-09,1.0000955900903823
782,2015-11-10,1.0000947376794398
783,2015-11-11,1.000095938751396
784,2015-11-12,1.0000962873819026
785,2015-11-13,1.0000966359819075
786,2015-11-16,1.000095086415049
787,2015-11-17,1.0000967909054537
788,2015-11-18,1.0000965197852945
789,2015-11-19,1.0000946989291546
790,2015-11-20,1.0000940788733326
791,2015-11-23,1.0000956288320015
792,2015-11-24,1.0000953188884991
793,2015-11-25,1.0000942726511426
794,2015-11-26,1.0000933036678377
795,2015-11-27,1.0000943114055738
796,2015-11-30,1.0000944276666055
797,2015-12-01,1.0000952413988562
798,2015-12-02,1.0000943114055738
799,2015-12-03,1.000094350159628
800,2015-12-04,1.0000952026534695
801,2015-12-07,1.0000949701732373
802,2015-12-08,1.0000922569011192
803,2015-12-09,1.0000913262108932
804,2015-12-10,1.0000912486435607
805,2015-12-11,1.000091985472259
806,2015-12-14,1.0000911322897303
807,2015-12-15,1.000090938359129
808,2015-12-16,1.0000906668404286
809,2015-12-17,1.0000885328351488
810,2015-12-18,1.0000870577635845
811,2015-12-21,1.0000866694960777
812,2015-12-22,1.0000877565497661
813,2015-12-23,1.0000883387779818
814,2015-12-24,1.0000870577635845
815,2015-12-28,1.0000869412873052
816,2015-12-29,1.0000860870238668
817,2015-12-30,1.000086630667246
818,2015-12-31,1.000086630667246
819,2016-01-04,1.0000860093544712
820,2016-01-05,1.0000867471526058
821,2016-01-06,1.000086164691748
822,2016-01-07,1.0000855821457308
823,2016-01-08,1.0000867471526058
824,2016-01-11,1.0000853491034736
825,2016-01-12,1.0000858928475391
826,2016-01-13,1.0000852714196922
827,2016-01-14,1.00008515489118
828,2016-01-15,1.0000844944985634
829,2016-01-18,1.000084649894909
830,2016-01-19,1.000085465626306
831,2016-01-20,1.0000828624709182
832,2016-01-21,1.0000824349246165
833,2016-01-22,1.00008406712736
834,2016-01-25,1.0000836397103117
835,2016-01-26,1.0000829790664931
836,2016-01-27,1.0000838339964722
837,2016-01-28,1.0000839505636212
838,2016-01-29,1.0000826681373776
839,2016-02-01,1.0000810353613208
840,2016-02-02,1.0000806853936688
841,2016-02-03,1.0000787794747756
842,2016-02-04,1.0000785849419846
843,2016-02-05,1.000079207413486
844,2016-02-11,1.000074458610202
845,2016-02-12,1.0000753932483142
846,2016-02-15,1.0000764833824174
847,2016-02-16,1.0000748480693933
848,2016-02-17,1.0000751985501202
849,2016-02-18,1.0000759383526487
850,2016-02-19,1.0000758215508552
851,2016-02-22,1.0000761330146963
852,2016-02-23,1.0000761719459648
853,2016-02-24,1.000075471124928
854,2016-02-25,1.0000749259566637
855,2016-02-26,1.0000737185328432
856,2016-02-29,1.0000740691129382
857,2016-03-02,1.0000757047456372
858,2016-03-03,1.000077145104063
859,2016-03-04,1.0000771840254437
860,2016-03-07,1.0000766001648114
861,2016-03-08,1.0000760940830478
862,2016-03-09,1.0000759383526487
863,2016-03-10,1.0000765223102623
864,2016-03-11,1.0000781180245317
865,2016-03-14,1.0000780401996363
866,2016-03-15,1.0000780401996363
867,2016-03-16,1.000078195847907
868,2016-03-17,1.0000766001648114
869,2016-03-18,1.0000753153701782
870,2016-03-21,1.0000749648997278
871,2016-03-22,1.000075587936995
872,2016-03-23,1.0000762887374872
873,2016-03-24,1.0000756268735895
874,2016-03-25,1.000075471124928
875,2016-03-28,1.0000759383526487
876,2016-03-29,1.0000753932483142
877,2016-03-30,1.0000751206681784
878,2016-03-31,1.0000755100626642
879,2016-04-01,1.0000754321868115
880,2016-04-04,1.0000745754519567
881,2016-04-05,1.00007523749052
882,2016-04-06,1.0000750038424113
883,2016-04-07,1.0000753932483142
884,2016-04-08,1.0000750038424113
885,2016-04-11,1.0000749648997278
886,2016-04-12,1.0000748091251872
887,2016-04-14,1.0000765612377271
888,2016-04-15,1.0000762887374872
889,2016-04-18,1.0000763665966004
890,2016-04-19,1.0000760940830478
891,2016-04-20,1.000074692290285
892,2016-04-21,1.0000753932483142
893,2016-04-22,1.000075587936995
894,2016-04-25,1.0000760940830478
895,2016-04-26,1.0000758215508552
896,2016-04-27,1.0000755490000197
897,2016-04-28,1.0000752764305394
898,2016-04-29,1.0000749648997278
899,2016-05-02,1.0000756268735895
900,2016-05-03,1.0000753543094365
901,2016-05-04,1.000074692290285
902,2016-05-09,1.0000746533445561
903,2016-05-10,1.0000749648997278
904,2016-05-11,1.0000751206681784
905,2016-05-12,1.0000748480693933
906,2016-05-13,1.000074731235633
907,2016-05-16,1.0000746533445561
908,2016-05-17,1.0000751985501202
909,2016-05-18,1.0000754321868115
910,2016-05-19,1.00007624980736
911,2016-05-20,1.0000757047456372
912,2016-05-23,1.0000756658098036
913,2016-05-24,1.0000745754519567
914,2016-05-25,1.0000750038424113
915,2016-05-26,1.0000750427847143
916,2016-05-27,1.0000746533445561
917,2016-05-30,1.0000757047456372
918,2016-05-31,1.0000756268735895
919,2016-06-01,1.0000738353963023
920,2016-06-02,1.000074108064378
921,2016-06-03,1.000073367921898
922,2016-06-07,1.000072627641902
923,2016-06-08,1.000071731329423
924,2016-06-09,1.0000704839504588
925,2016-06-10,1.0000703669886568
926,2016-06-13,1.0000691581822791
927,2016-06-14,1.0000693531758569
928,2016-06-15,1.0000686901587537
929,2016-06-16,1.0000667004452066
930,2016-06-17,1.000067480843459
931,2016-06-20,1.000069080182176
932,2016-06-21,1.0000680660418544
933,2016-06-22,1.0000688851752373
934,2016-06-23,1.000068729162814
935,2016-06-24,1.000064084996766
936,2016-06-27,1.000063225818234
937,2016-06-28,1.000062991464658
938,2016-06-29,1.00006162412733
939,2016-06-30,1.0000620929815631
940,2016-07-01,1.0000600999699247
941,2016-07-04,1.0000600999699247
942,2016-07-05,1.0000604517503104
943,2016-07-06,1.0000590444423738
944,2016-07-07,1.0000589271442717
945,2016-07-08,1.0000590444423738
946,2016-07-11,1.000058888044137
947,2016-07-12,1.0000591226391902
948,2016-07-13,1.0000593181245168
949,2016-07-14,1.0000581841760885
950,2016-07-15,1.0000588098427163
951,2016-07-18,1.0000595917878616
952,2016-07-19,1.0000599045229557
953,2016-07-20,1.000059748158477
954,2016-07-21,1.0000607253358056
955,2016-07-22,1.0000600217922875
956,2016-07-25,1.0000603735795754
957,2016-07-26,1.000059630881091
958,2016-07-27,1.000059357220431
959,2016-07-28,1.0000573628395084
960,2016-07-29,1.0000584970216837
961,2016-08-01,1.000057675749599
962,2016-08-02,1.0000583014960653
963,2016-08-03,1.0000598654324113
964,2016-08-04,1.0000592790282188
965,2016-08-05,1.0000582232831312
966,2016-08-08,1.000059630881091
967,2016-08-09,1.000059630881091
968,2016-08-10,1.0000582623897902
969,2016-08-11,1.0000582232831312
970,2016-08-12,1.0000584188125878
971,2016-08-16,1.000057675749599
972,2016-08-17,1.0000599045229557
973,2016-08-18,1.0000593963159619
974,2016-08-19,1.0000595917878616
975,2016-08-22,1.0000602563205974
976,2016-08-23,1.0000599436131163
977,2016-08-24,1.000059630881091
978,2016-08-25,1.000059630881091
979,2016-08-26,1.000058888044137
980,2016-08-29,1.000059630881091
981,2016-08-30,1.0000599827028938
982,2016-08-31,1.0000603735795754
983,2016-09-01,1.0000625227161482
984,2016-09-02,1.000062366454389
985,2016-09-05,1.0000615850536532
986,2016-09-06,1.0000614287551146
987,2016-09-07,1.0000599436131163
988,2016-09-08,1.0000598654324113
989,2016-09-09,1.0000610379819415
990,2016-09-12,1.0000625227161482
991,2016-09-13,1.0000620148430222
992,2016-09-19,1.0000632648758234
993,2016-09-20,1.0000633039330298
994,2016-09-21,1.000064163094719
995,2016-09-22,1.0000610379819415
996,2016-09-23,1.0000601781460279
997,2016-09-26,1.0000599827028938
998,2016-09-27,1.0000594745058726
999,2016-09-28,1.0000593181245168
1000,2016-09-29,1.0000590444423738
1001,2016-09-30,1.0000567760668444
1002,2016-10-04,1.0000592790282188
1003,2016-10-05,1.0000617413460606
1004,2016-10-06,1.0000627961594808
1005,2016-10-07,1.0000620539124843
1006,2016-10-10,1.0000622883212111
1007,2016-10-11,1.0000651782288266
1008,2016-10-12,1.0000645926060985
1009,2016-10-13,1.0000624836512828
1010,2016-10-14,1.0000629524043885
1011,2016-10-17,1.0000656076307943
1012,2016-10-18,1.0000656466650422
1013,2016-10-19,1.0000654905257562
1014,2016-10-20,1.0000656466650422
1015,2016-10-21,1.0000659589252587
1016,2016-10-24,1.00006591989407
1017,2016-10-25,1.0000666223969736
1018,2016-10-26,1.0000665053217577
1019,2016-10-27,1.000067792959966
1020,2016-10-28,1.0000698991071113
1021,2016-10-31,1.0000695871555543
1022,2016-11-01,1.0000721210552763
1023,2016-11-02,1.0000710687079724
1024,2016-11-03,1.000070522936963
1025,2016-11-04,1.0000712636080737
1026,2016-11-07,1.0000720820844065
1027,2016-11-08,1.000071614404233
1028,2016-11-09,1.0000703669886568
1029,2016-11-10,1.0000766390915155
1030,2016-11-11,1.0000803742855036
1031,2016-11-14,1.0000842225403743
1032,2016-11-15,1.0000843002446083
1033,2016-11-16,1.000084649894909
1034,2016-11-17,1.0000851937343962
1035,2016-11-18,1.0000867859803024
1036,2016-11-21,1.0000879118189425
1037,2016-11-22,1.0000875624547862
1038,2016-11-23,1.000087135412546
1039,2016-11-24,1.0000886880740776
1040,2016-11-25,1.000088183525443
1041,2016-11-28,1.0000865530084473
1042,2016-11-29,1.0000856986617483
1043,2016-11-30,1.000084339096157
1044,2016-12-01,1.000086902461122
1045,2016-12-02,1.000089037339555
1046,2016-12-05,1.0000860093544712
1047,2016-12-06,1.0000859705192058
1048,2016-12-07,1.0000860481893583
1049,2016-12-08,1.000084766438191
1050,2016-12-09,1.000086164691748
1051,2016-12-12,1.0000884552134162
1052,2016-12-13,1.0000870189385365
1053,2016-12-14,1.0000847275908091
1054,2016-12-15,1.0000862811907316
1055,2016-12-16,1.000085465626306
1056,2016-12-19,1.000086397686309
1057,2016-12-20,1.000086475348135
1058,2016-12-21,1.0000838728525674
1059,2016-12-22,1.000084144834625
1060,2016-12-23,1.0000852325772336
1061,2016-12-26,1.0000854267857406
1062,2016-12-27,1.0000859705192058
1063,2016-12-28,1.0000849995145291
1064,2016-12-29,1.000084766438191
1065,2016-12-30,1.000084766438191
1066,2017-01-02,1.00008515489118
1067,2017-01-03,1.0000855433063012
1068,2017-01-04,1.0000859316835617
1069,2017-01-05,1.0000848052851943
1070,2017-01-06,1.0000851937343962
1071,2017-01-09,1.0000864365174111
1072,2017-01-10,1.000084766438191
1073,2017-01-11,1.0000856986617483
1074,2017-01-12,1.0000835231340677
1075,2017-01-13,1.00008406712736
1076,2017-01-16,1.0000848829780644
1077,2017-01-17,1.0000845721974938
1078,2017-01-18,1.0000858928475391
1079,2017-01-19,1.0000874071719945
1080,2017-01-20,1.0000866694960777
1081,2017-01-23,1.0000857374996637
1082,2017-01-24,1.0000842225403743
1083,2017-01-25,1.0000855821457308
1084,2017-01-26,1.0000877565497661
1085,2017-01-31,1.0000869412873052
1086,2017-02-01,1.0000876789129087
1087,2017-02-02,1.000087135412546
1088,2017-02-03,1.0000884552134162
1089,2017-02-06,1.0000874848141468
1090,2017-02-07,1.0000862035251212
1091,2017-02-08,1.0000860093544712
1092,2017-02-09,1.0000857374996637
1093,2017-02-10,1.000086164691748
1094,2017-02-13,1.0000859705192058
1095,2017-02-14,1.0000857374996637
1096,2017-02-15,1.000086164691748
1097,2017-02-16,1.0000859705192058
1098,2017-02-17,1.0000858151743586
1099,2017-02-20,1.000087290705929
1100,2017-02-21,1.0000887268828649
1101,2017-02-22,1.0000900461567677
1102,2017-02-23,1.0000886880740776
1103,2017-02-24,1.0000876400939127
1104,2017-02-27,1.000087989451262
1105,2017-02-28,1.0000874848141468
1106,2017-03-02,1.0000896969797137
1107,2017-03-03,1.0000896193806572
1108,2017-03-06,1.0000909771460045
1109,2017-03-07,1.000093730049524
1110,2017-03-08,1.0000929935434042
1111,2017-03-09,1.0000931098428956
1112,2017-03-10,1.0000931873740038
1113,2017-03-13,1.0000924119950236
1114,2017-03-14,1.000091985472259
1115,2017-03-15,1.0000908607842454
1116,2017-03-16,1.0000876012745386
1117,2017-03-17,1.0000878341851107
1118,2017-03-20,1.000088183525443
1119,2017-03-21,1.0000884164019828
1120,2017-03-22,1.0000882223391447
1121,2017-03-23,1.0000877565497661
1122,2017-03-24,1.000089347772057
1123,2017-03-27,1.0000907832078514
1124,2017-03-28,1.000090938359129
1125,2017-03-29,1.0000910159325023
1126,2017-03-30,1.000092722164723
1127,2017-03-31,1.0000927609342376
1128,2017-04-03,1.0000920242489424
1129,2017-04-04,1.0000901625423193
1130,2017-04-05,1.0000902013367476
1131,2017-04-06,1.0000913649939933
1132,2017-04-07,1.0000910159325023
1133,2017-04-10,1.0000932649036034
1134,2017-04-11,1.0000922956751612
1135,2017-04-12,1.0000919079177597
1136,2017-04-13,1.0000906280505322
1137,2017-04-14,1.0000908219962372
1138,2017-04-17,1.0000903177177667
1139,2017-04-18,1.0000906280505322
1140,2017-04-19,1.0000896581803744
1141,2017-04-20,1.0000908219962372
1142,2017-04-21,1.0000913262108932
1143,2017-04-24,1.0000929547761528
1144,2017-04-25,1.0000925670828915
1145,2017-04-26,1.0000927609342376
1146,2017-04-27,1.000092799703375
1147,2017-04-28,1.000092799703375
1148,2017-05-02,1.0000943889133052
1149,2017-05-04,1.0000936137681347
1150,2017-05-08,1.000094350159628
1151,2017-05-10,1.000096403585293
1152,2017-05-11,1.000096248646686
1153,2017-05-12,1.000095938751396
1154,2017-05-15,1.0000966359819075
1155,2017-05-16,1.0000964810523372
1156,2017-05-17,1.000094582676038
1157,2017-05-18,1.0000945051720755
1158,2017-05-19,1.0000941563855876
1159,2017-05-22,1.000095822534448
1160,2017-05-23,1.000095280143866
1161,2017-05-24,1.00009590001279
1162,2017-05-25,1.0000947376794398
1163,2017-05-26,1.0000941563855876
1164,2017-05-29,1.0000943114055738
1165,2017-05-30,1.0000931486086382
1166,2017-05-31,1.0000933811951744
1167,2017-06-01,1.0000928772405184
1168,2017-06-02,1.0000930710767757
1169,2017-06-05,1.0000921018011775
1170,2017-06-07,1.000090899571876
1171,2017-06-08,1.000090705629947
1172,2017-06-09,1.0000905504696067
1173,2017-06-12,1.0000923344488262
1174,2017-06-13,1.0000900461567677
1175,2017-06-14,1.0000896193806572
1176,2017-06-15,1.0000871742364592
1177,2017-06-16,1.0000884164019828
1178,2017-06-19,1.0000888044993053
1179,2017-06-20,1.0000882223391447
1180,2017-06-21,1.0000874848141468
1181,2017-06-22,1.0000876012745386
1182,2017-06-23,1.000086708324531
1183,2017-06-26,1.000086475348135
1184,2017-06-27,1.0000867859803024
1185,2017-06-28,1.0000883387779818
1186,2017-06-29,1.0000888821142335
1187,2017-06-30,1.0000908219962372
1188,2017-07-03,1.0000914425590608
1189,2017-07-04,1.0000933036678377
1190,2017-07-05,1.0000930710767757
1191,2017-07-06,1.0000930323102786
1192,2017-07-07,1.0000934974833515
1193,2017-07-10,1.000092140576729
1194,2017-07-11,1.0000916752452043
1195,2017-07-12,1.0000911322897303
1196,2017-07-13,1.0000900073608283
1197,2017-07-14,1.0000902013367476
1198,2017-07-17,1.0000908219962372
1199,2017-07-18,1.0000900461567677
1200,2017-07-19,1.0000900461567677
1201,2017-07-20,1.0000902401307985
1202,2017-07-21,1.000089580580562
1203,2017-07-24,1.0000898521732935
1204,2017-07-25,1.0000889209211308
1205,2017-07-26,1.0000898521732935
1206,2017-07-27,1.0000895029792385
1207,2017-07-28,1.0000899685645113
1208,2017-07-31,1.0000896969797137
1209,2017-08-01,1.000091403776716
1210,2017-08-02,1.0000909771460045
1211,2017-08-03,1.0000912098593282
1212,2017-08-04,1.000091946695198
1213,2017-08-07,1.0000929547761528
1214,2017-08-08,1.0000933811951744
1215,2017-08-09,1.0000940788733326
1216,2017-08-10,1.0000934199582772
1217,2017-08-11,1.0000924119950236
1218,2017-08-14,1.000091985472259
1219,2017-08-16,1.0000929547761528
1220,2017-08-17,1.0000927609342376
1221,2017-08-18,1.0000929935434042
1222,2017-08-21,1.0000929160085241
1223,2017-08-22,1.0000929160085241
1224,2017-08-23,1.0000931486086382
1225,2017-08-24,1.0000934974833515
1226,2017-08-25,1.0000926058539152
1227,2017-08-28,1.0000922181266998
1228,2017-08-29,1.000091985472259
1229,2017-08-30,1.0000914813410284
1230,2017-08-31,1.000091636465124
1231,2017-09-01,1.000091558903831
1232,2017-09-04,1.0000930323102786
1233,2017-09-05,1.0000926446245617
1234,2017-09-06,1.0000910547186226
1235,2017-09-07,1.0000905116785777
1236,2017-09-08,1.0000895029792385
1237,2017-09-11,1.0000898521732935
1238,2017-09-12,1.0000898133754652
1239,2017-09-13,1.0000898521732935
1240,2017-09-14,1.0000895417800892
1241,2017-09-15,1.0000893865744191
1242,2017-09-18,1.0000901625423193
1243,2017-09-19,1.0000909771460045
1244,2017-09-20,1.0000903565106842
1245,2017-09-21,1.0000904340953862
1246,2017-09-22,1.0000901625423193
1247,2017-09-25,1.0000903177177667
1248,2017-09-26,1.0000912874274157
1249,2017-09-27,1.000092683394831
1250,2017-09-28,1.000093807568565
1251,2017-09-29,1.0000929935434042
1252,2017-10-10,1.0000938463275202
1253,2017-10-11,1.0000933424316947
1254,2017-10-12,1.0000927609342376
1255,2017-10-13,1.0000925283114905
1256,2017-10-16,1.0000930323102786
1257,2017-10-17,1.000093226138992
1258,2017-10-18,1.000093226138992
1259,2017-10-19,1.000093536245323
1260,2017-10-20,1.0000928772405184
1261,2017-10-23,1.0000924119950236
1262,2017-10-24,1.000092140576729
1263,2017-10-25,1.000094350159628
1264,2017-10-26,1.0000941563855876
1265,2017-10-27,1.0000941563855876
1266,2017-10-30,1.0000948926768123
1267,2017-10-31,1.0000989204935946
1268,2017-11-01,1.0000987656528304
1269,2017-11-02,1.0000979526400833
1270,2017-11-03,1.0000979526400833
1271,2017-11-06,1.0000986495183084
1272,2017-11-07,1.0000979913587378
1273,2017-11-08,1.0000979913587378
1274,2017-11-09,1.0000980687949186
1275,2017-11-10,1.0000979526400833
1276,2017-11-13,1.0000988043635857
1277,2017-11-14,1.0001001590031322
1278,2017-11-15,1.0000994236845249
1279,2017-11-16,1.0000991914504533
1280,2017-11-17,1.0000995010928742
1281,2017-11-20,1.000099307569181
1282,2017-11-21,1.000099036620219
1283,2017-11-22,1.0000987656528304
1284,2017-11-23,1.0000985720934132
1285,2017-11-24,1.0000986495183084
1286,2017-11-27,1.0000987656528304
1287,2017-11-28,1.000095125161566
1288,2017-11-29,1.0000941563855876
1289,2017-11-30,1.0000944276666055
1290,2017-12-01,1.0000945051720755
1291,2017-12-04,1.0000941176296485
1292,2017-12-05,1.000094582676038
1293,2017-12-06,1.0000929935434042
1294,2017-12-07,1.000093730049524
1295,2017-12-08,1.000094350159628
1296,2017-12-11,1.0000949314252132
1297,2017-12-12,1.0000942338963346
1298,2017-12-13,1.000094466419529
1299,2017-12-14,1.000094582676038
1300,2017-12-15,1.0000941951411495
1301,2017-12-18,1.000093923844299
1302,2017-12-19,1.0000940013595698
1303,2017-12-20,1.000095280143866
1304,2017-12-21,1.0000956675732442
1305,2017-12-22,1.0000954351201379
1306,2017-12-26,1.0000952413988562
1307,2017-12-27,1.0000957450545995
1308,2017-12-28,1.0000954351201379
1309,2017-12-29,1.0000954351201379
1310,2018-01-02,1.000096248646686
1311,2018-01-03,1.0000972943653814
1312,2018-01-04,1.0000979526400833
1313,2018-01-05,1.0000979139210522
1314,2018-01-08,1.000099307569181
1315,2018-01-09,1.0000985720934132
1316,2018-01-10,1.0000998107112338
1317,2018-01-11,1.000099230157072
1318,2018-01-12,1.0000994623888875
1319,2018-01-15,1.0001000816075636
1320,2018-01-16,1.000099539796485
1321,2018-01-17,1.0000991527434588
1322,2018-01-18,1.000099307569181
1323,2018-01-19,1.0001005459584267
1324,2018-01-22,1.0001006620376873
1325,2018-01-23,1.0000993849797861
1326,2018-01-24,1.0000987269416992
1327,2018-01-25,1.0000988430739646
1328,2018-01-26,1.0000994623888875
1329,2018-01-29,1.0001017065988838
1330,2018-01-30,1.000104838640437
1331,2018-01-31,1.0001050705456058
1332,2018-02-01,1.0001043361329296
1333,2018-02-02,1.0001053024372781
1334,2018-02-05,1.0001066935039715
1335,2018-02-06,1.0001049545947087
1336,2018-02-07,1.0001043361329296
1337,2018-02-08,1.0001046840294923
1338,2018-02-09,1.0001056502494838
1339,2018-02-12,1.0001062685073383
1340,2018-02-13,1.0001057661801391
1341,2018-02-14,1.0001051478443295
1342,2018-02-19,1.0001063071452692
1343,2018-02-20,1.0001068866692748
1344,2018-02-21,1.0001064616932458
1345,2018-02-22,1.000107234343224
1346,2018-02-23,1.0001085861202674
1347,2018-02-26,1.0001067707712168
1348,2018-02-27,1.0001057661801391
1349,2018-02-28,1.0001063844200069
1350,2018-03-02,1.0001063457828252
1351,2018-03-05,1.0001065389649861
1352,2018-03-06,1.000107311599982
1353,2018-03-07,1.0001066548697872
1354,2018-03-08,1.0001064230568135
1355,2018-03-09,1.0001068094042773
1356,2018-03-12,1.000107620612035
1357,2018-03-13,1.0001074274823103
1358,2018-03-14,1.0001057661801391
1359,2018-03-15,1.0001039108847645
1360,2018-03-16,1.0001038722235898
1361,2018-03-19,1.0001048772922358
1362,2018-03-20,1.0001046840294923
1363,2018-03-21,1.000104026866038
1364,2018-03-22,1.0001036789120892
1365,2018-03-23,1.0001023641451021
1366,2018-03-26,1.000104297475881
1367,2018-03-27,1.0001039108847645
1368,2018-03-28,1.000102441496347
1369,2018-03-29,1.0001023641451021
1370,2018-03-30,1.000102441496347
1371,2018-04-02,1.0001034855912094
1372,2018-04-03,1.0001046453758187
1373,2018-04-04,1.000104065525712
1374,2018-04-05,1.0001041041850114
1375,2018-04-06,1.0001033309277518
1376,2018-04-09,1.0001030989213084
1377,2018-04-10,1.0001031762582906
1378,2018-04-11,1.0001028282300493
1379,2018-04-12,1.0001021320823567
1380,2018-04-13,1.0001023641451021
1381,2018-04-16,1.0001033309277518
1382,2018-04-17,1.0001032535937717
1383,2018-04-18,1.0001037175751395
1384,2018-04-19,1.000104297475881
1385,2018-04-20,1.0001053024372781
1386,2018-04-23,1.0001070411947754
1387,2018-04-24,1.0001066162352281
1388,2018-04-25,1.0001070411947754
1389,2018-04-26,1.000107079825214
1390,2018-04-27,1.0001055343154555
1391,2018-04-30,1.000105843465369
1392,2018-05-02,1.0001079296001247
1393,2018-05-03,1.0001077364853765
1394,2018-05-04,1.000107697861304
1395,2018-05-08,1.000107697861304
1396,2018-05-09,1.000108199945049
1397,2018-05-10,1.0001074661090041
1398,2018-05-11,1.000107311599982
1399,2018-05-14,1.0001074661090041
1400,2018-05-15,1.0001077364853765
1401,2018-05-16,1.0001073502277993
1402,2018-05-17,1.000107620612035
1403,2018-05-18,1.0001073502277993
1404,2018-05-21,1.0001076592368565
1405,2018-05-23,1.0001071184552783
1406,2018-05-24,1.0001058821074216
1407,2018-05-25,1.0001056888934103
1408,2018-05-28,1.0001059593904027
1409,2018-05-29,1.0001055343154555
1410,2018-05-30,1.0001053024372781
1411,2018-05-31,1.0001049159436597
1412,2018-06-01,1.0001044521018256
1413,2018-06-04,1.0001055343154555
1414,2018-06-05,1.000105186493129
1415,2018-06-07,1.0001058048229414
1416,2018-06-08,1.000104838640437
1417,2018-06-11,1.0001053410845782
1418,2018-06-12,1.0001048772922358
1419,2018-06-14,1.000104529412548
1420,2018-06-15,1.0001034855912094
1421,2018-06-18,1.0001023254689163
1422,2018-06-19,1.0001013197562951
1423,2018-06-20,1.0001012036961945
1424,2018-06-21,1.0001009328761452
1425,2018-06-22,1.0001008168047747
1426,2018-06-25,1.0001013197562951
1427,2018-06-26,1.0001014358130154
1428,2018-06-27,1.0001003524854768
1429,2018-06-28,1.0000999655113916
1430,2018-06-29,1.0001000042104915
1431,2018-07-02,1.000099539796485
1432,2018-07-03,1.0001006620376873
1433,2018-07-04,1.000099926811916
1434,2018-07-05,1.0000998881120644
1435,2018-07-06,1.0001000042104915
1436,2018-07-09,1.0000997720102545
1437,2018-07-10,1.0000995010928742
1438,2018-07-11,1.0000980687949186
1439,2018-07-12,1.0000987269416992
1440,2018-07-13,1.0000988817839676
1441,2018-07-16,1.000099036620219
1442,2018-07-17,1.0000991914504533
1443,2018-07-18,1.0000986495183084
1444,2018-07-19,1.0000990753283416
1445,2018-07-20,1.0000985720934132
1446,2018-07-23,1.0000991527434588
1447,2018-07-24,1.0001001977003527
1448,2018-07-25,1.0000989204935946
1449,2018-07-26,1.0000989204935946
1450,2018-07-27,1.000099230157072
1451,2018-07-30,1.0000992688633146
1452,2018-07-31,1.000099230157072
1453,2018-08-01,1.0000997333088992
1454,2018-08-02,1.0000996559050612
1455,2018-08-03,1.0000997720102545
1456,2018-08-06,1.0000991527434588
1457,2018-08-07,1.0000989204935946
1458,2018-08-08,1.0000987269416992
1459,2018-08-09,1.000097023279479
1460,2018-08-10,1.0000961324387767
1461,2018-08-13,1.0000961324387767
1462,2018-08-14,1.0000956675732442
1463,2018-08-16,1.000094582676038
1464,2018-08-17,1.0000936525289748
1465,2018-08-20,1.0000930710767757
1466,2018-08-21,1.000091985472259
1467,2018-08-22,1.000091946695198
1468,2018-08-23,1.0000910935043652
1469,2018-08-24,1.0000910159325023
1470,2018-08-27,1.0000906280505322
1471,2018-08-28,1.0000901625423193
1472,2018-08-29,1.0000900461567677
1473,2018-08-30,1.0000901625423193
1474,2018-08-31,1.0000886880740776
1475,2018-09-03,1.0000879506352913
1476,2018-09-04,1.0000875236346556
1477,2018-09-05,1.0000859705192058
1478,2018-09-06,1.000085465626306
1479,2018-09-07,1.0000855433063012
1480,2018-09-10,1.0000852714196922
1481,2018-09-11,1.0000859705192058
1482,2018-09-12,1.0000853102617722
1483,2018-09-13,1.000085504466493
1484,2018-09-14,1.000087135412546
1485,2018-09-17,1.0000882611524684
1486,2018-09-18,1.000088144711363
1487,2018-09-19,1.0000893865744191
1488,2018-09-20,1.0000925670828915
1489,2018-09-21,1.0000918691399439
1490,2018-09-27,1.000090395303224
1491,2018-09-28,1.0000902401307985
1492,2018-10-01,1.0000914425590608
1493,2018-10-02,1.000091714024907
1494,2018-10-04,1.0000936525289748
1495,2018-10-05,1.0000934587210029
1496,2018-10-08,1.0000927609342376
1497,2018-10-10,1.000090938359129
1498,2018-10-11,1.000089192558829
1499,2018-10-12,1.0000902789244714
1500,2018-10-15,1.0000902013367476
1501,2018-10-16,1.0000898909707439
1502,2018-10-17,1.0000880670820687
1503,2018-10-18,1.0000861258579967
1504,2018-10-19,1.0000876789129087
1505,2018-10-22,1.0000886104553692
1506,2018-10-23,1.000087329528329
1507,2018-10-24,1.000087329528329
1508,2018-10-25,1.0000855433063012
1509,2018-10-26,1.0000849218239314
1510,2018-10-29,1.0000823571839959
1511,2018-10-30,1.0000837174259127
1512,2018-10-31,1.00008406712736
1513,2018-11-01,1.0000838339964722
1514,2018-11-02,1.0000844167981178
1515,2018-11-05,1.000084105981182
1516,2018-11-06,1.0000848052851943
1517,2018-11-07,1.0000834842745618
1518,2018-11-08,1.0000825515327032
1519,2018-11-09,1.0000818907084168
1520,2018-11-12,1.0000815408158894
1521,2018-11-13,1.0000816963274728
1522,2018-11-14,1.0000814241782185
1523,2018-11-15,1.0000828236049684
1524,2018-11-16,1.0000829790664931
1525,2018-11-19,1.0000828624709182
1526,2018-11-20,1.0000823960544958
1527,2018-11-21,1.000082240570221
1528,2018-11-22,1.0000823571839959
1529,2018-11-23,1.000080452064822
1530,2018-11-26,1.0000802576136785
1531,2018-11-27,1.0000796742033016
1532,2018-11-28,1.0000805298426225
1533,2018-11-29,1.0000791296098663
1534,2018-11-30,1.0000775732183385
1535,2018-12-03,1.0000788961898912
1536,2018-12-04,1.0000785849419846
1537,2018-12-05,1.0000780401996363
1538,2018-12-06,1.0000745754519567
1539,2018-12-07,1.0000749648997278
1540,2018-12-10,1.0000749648997278
1541,2018-12-11,1.0000750038424113
1542,2018-12-12,1.0000758604851667
1543,2018-12-13,1.0000758215508552
1544,2018-12-14,1.0000759383526487
1545,2018-12-17,1.0000757826161628
1546,2018-12-18,1.0000755100626642
1547,2018-12-19,1.0000737964421968
1548,2018-12-20,1.0000741859661153
1549,2018-12-21,1.0000755490000197
1550,2018-12-24,1.0000767947945288
1551,2018-12-26,1.0000756658098036
1552,2018-12-27,1.0000757826161628
1553,2018-12-28,1.0000757436810903
1554,2018-12-31,1.0000757436810903
1555,2019-01-02,1.0000765612377271
1556,2019-01-03,1.0000771061823024
1557,2019-01-04,1.0000767947945288
1558,2019-01-07,1.0000767558693457
1559,2019-01-08,1.0000771840254437
1560,2019-01-09,1.0000771061823024
1561,2019-01-10,1.0000770283376406
1562,2019-01-11,1.0000777678005306
1563,2019-01-14,1.0000777288848524
1564,2019-01-15,1.000077612135537
1565,2019-01-16,1.0000780012866186
1566,2019-01-17,1.0000778456307469
1567,2019-01-18,1.000078973998069
1568,2019-01-21,1.0000804131753527
1569,2019-01-22,1.000079635306239
1570,2019-01-23,1.000079207413486
1571,2019-01-24,1.0000793241160668
1572,2019-01-25,1.0000804131753527
1573,2019-01-28,1.0000816574501459
1574,2019-01-29,1.0000817352044202
1575,2019-01-30,1.0000819295834678
1576,2019-01-31,1.000080452064822
1577,2019-02-01,1.0000800242597787
1578,2019-02-07,1.0000807242804814
1579,2019-02-08,1.0000799075777036
1580,2019-02-11,1.0000783514900977
1581,2019-02-12,1.0000791685118662
1582,2019-02-13,1.0000790129015882
1583,2019-02-14,1.0000793241160668
1584,2019-02-15,1.0000779623732208
1585,2019-02-18,1.0000791685118662
1586,2019-02-19,1.0000797130999846
1587,2019-02-20,1.0000797519962878
1588,2019-02-21,1.0000802965046665
1589,2019-02-22,1.0000806465064764
1590,2019-02-25,1.0000806853936688
1591,2019-02-26,1.0000803742855036
1592,2019-02-27,1.0000804131753527
1593,2019-02-28,1.0000806465064764
1594,2019-03-04,1.0000820073324317
1595,2019-03-05,1.000081074244718
1596,2019-03-06,1.000081074244718
1597,2019-03-07,1.0000808020529683
1598,2019-03-08,1.0000792852155864
1599,2019-03-11,1.0000797130999846
1600,2019-03-12,1.0000803742855036
1601,2019-03-13,1.0000793630161675
1602,2019-03-14,1.0000796742033016
1603,2019-03-15,1.000079635306239
1604,2019-03-18,1.0000799464721082
1605,2019-03-19,1.0000795964087965
1606,2019-03-20,1.000078701662799
1607,2019-03-21,1.0000766780178392
1608,2019-03-22,1.0000755100626642
1609,2019-03-25,1.000074419662189
1610,2019-03-26,1.0000758215508552
1611,2019-03-27,1.000073874350027
1612,2019-03-28,1.0000723548724917
1613,2019-03-29,1.0000733289632218
1614,2019-04-01,1.0000744975578342
1615,2019-04-02,1.0000745365050858
1616,2019-04-03,1.0000748091251872
1617,2019-04-04,1.0000748091251872
1618,2019-04-05,1.0000750427847143
1619,2019-04-08,1.0000737574877103
1620,2019-04-09,1.0000738353963023
1621,2019-04-10,1.0000741859661153
1622,2019-04-11,1.0000738353963023
1623,2019-04-12,1.000074108064378
1624,2019-04-15,1.0000751985501202
1625,2019-04-16,1.0000760940830478
1626,2019-04-17,1.0000769504914575
1627,2019-04-18,1.000074731235633
1628,2019-04-19,1.0000748091251872
1629,2019-04-22,1.0000759772858192
1630,2019-04-23,1.0000757436810903
1631,2019-04-24,1.0000753932483142
1632,2019-04-25,1.0000746143984467
1633,2019-04-26,1.0000745754519567
1634,2019-04-29,1.0000739912089163
1635,2019-04-30,1.0000734847956412
1636,2019-05-02,1.0000749648997278
1637,2019-05-03,1.000075587936995
1638,2019-05-07,1.0000748870132188
1639,2019-05-08,1.0000748091251872
1640,2019-05-09,1.000074224916413
1641,2019-05-10,1.0000746143984467
1642,2019-05-13,1.0000746533445561
1643,2019-05-14,1.0000743807137953
1644,2019-05-15,1.0000742638663296
1645,2019-05-16,1.0000726666074362
1646,2019-05-17,1.0000725886759867
1647,2019-05-20,1.0000734068801933
1648,2019-05-21,1.0000730172800976
1649,2019-05-22,1.0000732510447266
1650,2019-05-23,1.0000726666074362
1651,2019-05-24,1.0000720820844065
1652,2019-05-27,1.0000723159039087
1653,2019-05-28,1.0000721989958727
1654,2019-05-29,1.0000700550737314
1655,2019-05-30,1.0000697821281397
1656,2019-05-31,1.0000676369047687
1657,2019-06-03,1.0000683000971484
1658,2019-06-04,1.0000679490090512
1659,2019-06-05,1.000067051643336
1660,2019-06-07,1.0000670906634397
1661,2019-06-10,1.0000676759191411
1662,2019-06-11,1.000068105052025
1663,2019-06-12,1.0000649439900644
1664,2019-06-13,1.0000655295611514
1665,2019-06-14,1.0000647487805758
1666,2019-06-17,1.000065568596164
1667,2019-06-18,1.0000653343803512
1668,2019-06-19,1.000064358332904
1669,2019-06-20,1.0000623273879916
1670,2019-06-21,1.0000633039330298
1671,2019-06-24,1.0000632648758234
1672,2019-06-25,1.0000637335370326
1673,2019-06-26,1.000064397379393
1674,2019-06-27,1.0000647878232387
1675,2019-06-28,1.0000642021431212
1676,2019-07-01,1.0000645535615227
1677,2019-07-02,1.0000634992133188
1678,2019-07-03,1.0000617413460606
1679,2019-07-04,1.000061311527187
1680,2019-07-05,1.00006162412733
1681,2019-07-08,1.0000614287551146
1682,2019-07-09,1.0000614678303241
1683,2019-07-10,1.000062132050259
1684,2019-07-11,1.0000614678303241
1685,2019-07-12,1.0000622883212111
1686,2019-07-15,1.0000628352212821
1687,2019-07-16,1.0000624055204033
1688,2019-07-17,1.0000614287551146
1689,2019-07-18,1.000058536125656
1690,2019-07-19,1.0000578713059267
1691,2019-07-22,1.0000581059608513
1692,2019-07-23,1.0000581450686619
1693,2019-07-24,1.0000574019546138
1694,2019-07-25,1.0000560718255604
1695,2019-07-26,1.0000550152301837
1696,2019-07-29,1.000053840906598
1697,2019-07-30,1.0000545846850561
1698,2019-07-31,1.000053919205606
1699,2019-08-01,1.0000541932400175
1700,2019-08-02,1.0000524704248148
1701,2019-08-05,1.0000492185394347
1702,2019-08-06,1.0000491009516945
1703,2019-08-07,1.00004874816765
1704,2019-08-08,1.0000491009516945
1705,2019-08-09,1.0000497280462108
1706,2019-08-12,1.000049610473507
1707,2019-08-13,1.0000479248833822
1708,2019-08-14,1.0000474151459509
1709,2019-08-16,1.0000450616661913
1710,2019-08-19,1.0000461993549903
1711,2019-08-20,1.0000466700277604
1712,2019-08-21,1.0000498848044193
1713,2019-08-22,1.000048983360484
1714,2019-08-23,1.0000500807435069
1715,2019-08-26,1.0000477288382417
1716,2019-08-27,1.0000498064260859
1717,2019-08-28,1.0000494537045046
1718,2019-08-29,1.0000495320897769
1719,2019-08-30,1.0000500023690282
1720,2019-09-02,1.000052705398031
1721,2019-09-03,1.0000516479094117
1722,2019-09-04,1.0000516870806624
1723,2019-09-05,1.0000525487507599
1724,2019-09-06,1.000052822879443
1725,2019-09-09,1.0000514912205576
1726,2019-09-10,1.0000514128738196
1727,2019-09-11,1.000052157105635
1728,2019-09-16,1.000058536125656
1729,2019-09-17,1.0000574801836724
1730,2019-09-18,1.0000561500807394
1731,2019-09-19,1.0000558370508015
1732,2019-09-20,1.0000560718255604
1733,2019-09-23,1.000056267460626
1734,2019-09-24,1.000055758789474
1735,2019-09-25,1.0000549369527119
1736,2019-09-26,1.0000552500533721
1737,2019-09-27,1.0000550152301837
1738,2019-09-30,1.0000559544399104
1739,2019-10-01,1.0000577148616323
1740,2019-10-02,1.0000575192976255
1741,2019-10-04,1.0000537234552005
1742,2019-10-07,1.0000543106775672
1743,2019-10-08,1.0000556413946007
1744,2019-10-10,1.0000568151877105
1745,2019-10-11,1.0000579495257707
1746,2019-10-14,1.0000575975243802
1747,2019-10-15,1.0000583014960653
1748,2019-10-16,1.0000590835409737
1749,2019-10-17,1.0000604517503104
1750,2019-10-18,1.0000608425809816
1751,2019-10-21,1.0000640459472154
1752,2019-10-22,1.0000646706941023
1753,2019-10-23,1.0000648659074167
1754,2019-10-24,1.0000646316502917
1755,2019-10-25,1.000065997956065
1756,2019-10-28,1.0000686901587537
1757,2019-10-29,1.0000691971817581
1758,2019-10-30,1.0000679490090512
1759,2019-10-31,1.0000665053217577
1760,2019-11-01,1.0000666223969736
1761,2019-11-04,1.0000695091638485
1762,2019-11-05,1.0000695091638485
1763,2019-11-06,1.0000696261508346
1764,2019-11-07,1.0000693921734274
1765,2019-11-08,1.000068534138694
1766,2019-11-11,1.0000681830712201
1767,2019-11-12,1.000069470167423
1768,2019-11-13,1.0000673247760365
1769,2019-11-14,1.0000671687025005
1770,2019-11-15,1.0000675588748782
1771,2019-11-18,1.0000673247760365
1772,2019-11-19,1.0000659589252587
1773,2019-11-20,1.0000635773227546
1774,2019-11-21,1.0000625227161482
1775,2019-11-22,1.000063147701907
1776,2019-11-25,1.0000645535615227
1777,2019-11-26,1.000063889745186
1778,2019-11-27,1.0000617022735336
1779,2019-11-28,1.0000625227161482
1780,2019-11-29,1.00006119429581
1781,2019-12-02,1.0000633429898533
1782,2019-12-03,1.0000651782288266
1783,2019-12-04,1.0000625617806302
1784,2019-12-05,1.0000626008447295
1785,2019-12-06,1.0000627961594808
1786,2019-12-09,1.0000621711185715
1787,2019-12-10,1.000060060881298
1788,2019-12-11,1.0000602563205974
1789,2019-12-12,1.0000611552179177
1790,2019-12-13,1.00006162412733
1791,2019-12-16,1.0000604517503104
1792,2019-12-17,1.0000608425809816
1793,2019-12-18,1.0000610379819415
1794,2019-12-19,1.0000632648758234
1795,2019-12-20,1.0000644364254994
1796,2019-12-23,1.0000634992133188
1797,2019-12-24,1.000063186760262
1798,2019-12-26,1.0000634211023518
1799,2019-12-27,1.0000662321328746
1800,2019-12-30,1.0000661931043622
1801,2019-12-31,1.0000661931043622
1802,2020-01-02,1.0000650220711818
1803,2020-01-03,1.0000624445860347
1804,2020-01-06,1.0000617022735336
1805,2020-01-07,1.0000639287962674
1806,2020-01-08,1.0000635773227546
1807,2020-01-09,1.000064358332904
1808,2020-01-10,1.0000653343803512
1809,2020-01-13,1.0000656856989076
1810,2020-01-14,1.0000657247323905
1811,2020-01-15,1.0000653343803512
1812,2020-01-16,1.000064397379393
1813,2020-01-17,1.0000659589252587
1814,2020-01-20,1.0000675198593596
1815,2020-01-21,1.0000658418305453
1816,2020-01-22,1.0000667784919106
1817,2020-01-23,1.0000666614212812
1818,2020-01-28,1.0000638116418747
1819,2020-01-29,1.000062913343736
1820,2020-01-30,1.0000617413460606
1821,2020-01-31,1.0000622492540479
1822,2020-02-03,1.0000615069051504
1823,2020-02-04,1.0000644754712231
1824,2020-02-05,1.0000632648758234
1825,2020-02-06,1.0000638506937218
1826,2020-02-07,1.0000635773227546
1827,2020-02-10,1.0000634992133188
1828,2020-02-11,1.000063108643169
1829,2020-02-12,1.000063186760262
1830,2020-02-13,1.0000636554306592
1831,2020-02-14,1.0000646706941023
1832,2020-02-17,1.000064280238778
1833,2020-02-18,1.0000622492540479
1834,2020-02-19,1.0000617413460606
1835,2020-02-20,1.0000609598227075
1836,2020-02-21,1.0000584579173275
1837,2020-02-24,1.0000570499048416
1838,2020-02-25,1.0000570107862798
1839,2020-02-26,1.0000563065864863
1840,2020-02-27,1.0000583014960653
1841,2020-02-28,1.0000550543683429
1842,2020-03-02,1.0000561500807394
1843,2020-03-03,1.0000566978239596
1844,2020-03-04,1.0000550935061177
1845,2020-03-05,1.0000561500807394
1846,2020-03-06,1.0000573237240193
1847,2020-03-09,1.0000532144591325
1848,2020-03-10,1.0000551717805137
1849,2020-03-11,1.0000559935688447
1850,2020-03-12,1.0000570499048416
1851,2020-03-13,1.0000626399084458
1852,2020-03-16,1.0000609207425155
1853,2020-03-17,1.000058379707464
1854,2020-03-18,1.0000604517503104
1855,2020-03-19,1.0000651001507692
1856,2020-03-20,1.0000647487805758
1857,2020-03-23,1.0000695481598922
1858,2020-03-24,1.0000695091638485
1859,2020-03-25,1.0000681440618135
1860,2020-03-26,1.0000625617806302
1861,2020-03-27,1.000064397379393
1862,2020-03-30,1.000065373417276
1863,2020-03-31,1.0000656856989076
1864,2020-04-01,1.000065373417276
1865,2020-04-02,1.0000647487805758
1866,2020-04-03,1.0000656466650422
1867,2020-04-06,1.0000645535615227
1868,2020-04-07,1.0000657247323905
1869,2020-04-08,1.0000633039330298
1870,2020-04-09,1.0000608034996394
1871,2020-04-10,1.0000605299195116
1872,2020-04-13,1.000061350603546
1873,2020-04-14,1.0000618976323377
1874,2020-04-16,1.0000609207425155
1875,2020-04-17,1.0000620929815631
1876,2020-04-20,1.0000620929815631
1877,2020-04-21,1.0000628352212821
1878,2020-04-22,1.0000650220711818
1879,2020-04-23,1.000065139189989
1880,2020-04-24,1.0000652953430438
1881,2020-04-27,1.000066583372284
1882,2020-04-28,1.0000666614212812
1883,2020-04-29,1.0000651782288266
1884,2020-05-04,1.0000647487805758
1885,2020-05-06,1.0000654124538186
1886,2020-05-07,1.000063772589645
1887,2020-05-08,1.000061350603546
1888,2020-05-11,1.0000618976323377
1889,2020-05-12,1.00006088166194
1890,2020-05-13,1.0000595136002526
1891,2020-05-14,1.0000590444423738
1892,2020-05-15,1.0000592790282188
1893,2020-05-18,1.000059787250172
1894,2020-05-19,1.0000598263414835
1895,2020-05-20,1.0000590835409737
1896,2020-05-21,1.000058379707464
1897,2020-05-22,1.0000586925377073
1898,2020-05-25,1.0000583406019565
1899,2020-05-26,1.0000584188125878
1900,2020-05-27,1.0000584188125878
1901,2020-05-28,1.0000586925377073
1902,2020-05-29,1.0000601781460279
1903,2020-06-01,1.000061350603546
1904,2020-06-02,1.0000618976323377
1905,2020-06-03,1.0000624055204033
1906,2020-06-04,1.0000620929815631
1907,2020-06-05,1.0000624055204033
1908,2020-06-08,1.0000623273879916
1909,2020-06-09,1.0000607253358056
1910,2020-06-10,1.00006088166194
1911,2020-06-11,1.0000607253358056
1912,2020-06-12,1.0000614678303241
1913,2020-06-15,1.0000623273879916
1914,2020-06-16,1.0000618194899655
1915,2020-06-17,1.0000618976323377
1916,2020-06-18,1.000061311527187
1917,2020-06-19,1.0000623273879916
1918,2020-06-22,1.0000629524043885
1919,2020-06-23,1.0000627570972964
1920,2020-06-24,1.0000621711185715
1921,2020-06-25,1.0000618194899655
1922,2020-06-26,1.0000610770609835
1923,2020-06-29,1.0000624836512828
1924,2020-06-30,1.0000630305245446
1925,2020-07-01,1.000063108643169
1926,2020-07-02,1.0000626008447295
1927,2020-07-03,1.0000627961594808
1928,2020-07-06,1.0000633039330298
1929,2020-07-07,1.0000621711185715
1930,2020-07-08,1.00006162412733
1931,2020-07-09,1.0000620929815631
1932,2020-07-10,1.0000621711185715
1933,2020-07-13,1.000062913343736
1934,2020-07-14,1.0000630695840482
1935,2020-07-15,1.0000630305245446
1936,2020-07-16,1.0000624055204033
1937,2020-07-17,1.0000618194899655
1938,2020-07-20,1.0000610379819415
1939,2020-07-21,1.0000617022735336
1940,2020-07-22,1.000061311527187
1941,2020-07-23,1.0000600217922875
1942,2020-07-24,1.0000592008344718
1943,2020-07-27,1.0000588098427163
1944,2020-07-28,1.0000592399315371
1945,2020-07-29,1.000058888044137
1946,2020-07-30,1.0000587316397607
1947,2020-07-31,1.0000591226391902
1948,2020-08-03,1.0000599045229557
1949,2020-08-04,1.0000604126651347
1950,2020-08-05,1.0000600217922875
1951,2020-08-06,1.000060060881298
1952,2020-08-07,1.0000602172335042
1953,2020-08-10,1.0000614287551146
1954,2020-08-11,1.00006088166194
1955,2020-08-12,1.0000615069051504
1956,2020-08-13,1.0000609598227075
1957,2020-08-14,1.000061975773177
1958,2020-08-18,1.0000609598227075
1959,2020-08-19,1.0000606862533135
1960,2020-08-20,1.0000620148430222
1961,2020-08-21,1.0000627180347292
1962,2020-08-24,1.0000621711185715
1963,2020-08-25,1.000062678971779
1964,2020-08-26,1.0000630305245446
1965,2020-08-27,1.000063147701907
1966,2020-08-28,1.0000649049489319
1967,2020-08-31,1.0000654514899785
1968,2020-09-01,1.0000677539467397
1969,2020-09-02,1.0000663492161181
1970,2020-09-03,1.0000662321328746
1971,2020-09-04,1.0000663101887526
1972,2020-09-07,1.0000665443472119
1973,2020-09-08,1.0000654514899785
1974,2020-09-09,1.000064397379393
1975,2020-09-10,1.000064280238778
1976,2020-09-11,1.0000649830308144
1977,2020-09-14,1.0000654124538186
1978,2020-09-15,1.0000649049489319
1979,2020-09-16,1.0000635773227546
1980,2020-09-17,1.0000642021431212
1981,2020-09-18,1.000064241191141
1982,2020-09-21,1.0000645145165643
1983,2020-09-22,1.0000634211023518
1984,2020-09-23,1.0000627961594808
1985,2020-09-24,1.0000627570972964
1986,2020-09-25,1.0000624055204033
1987,2020-09-28,1.0000620148430222
1988,2020-09-29,1.0000620929815631
1989,2020-10-05,1.0000640068972821
1990,2020-10-06,1.0000661540754674
1991,2020-10-07,1.00006591989407
1992,2020-10-08,1.0000657247323905
1993,2020-10-12,1.0000655295611514
1994,2020-10-13,1.000064084996766
1995,2020-10-14,1.000063967846966
1996,2020-10-15,1.0000634211023518
1997,2020-10-16,1.0000646706941023
1998,2020-10-19,1.000062913343736
1999,2020-10-20,1.0000633429898533
2000,2020-10-21,1.0000649049489319
2001,2020-10-22,1.0000644364254994
2002,2020-10-23,1.0000644754712231
2003,2020-10-26,1.000064397379393
2004,2020-10-27,1.0000647878232387
2005,2020-10-28,1.0000645145165643
2006,2020-10-29,1.0000650220711818
2007,2020-10-30,1.0000649830308144
2008,2020-11-02,1.0000666223969736
2009,2020-11-03,1.0000671687025005
2010,2020-11-04,1.0000663882431013
2011,2020-11-05,1.0000657637654913
2012,2020-11-06,1.000066466295921
2013,2020-11-09,1.0000666223969736
2014,2020-11-10,1.0000682610888876
2015,2020-11-11,1.0000690021805458
2016,2020-11-12,1.0000686511543115
2017,2020-11-13,1.000068534138694
2018,2020-11-16,1.0000684171196397
2019,2020-11-17,1.0000681830712201
2020,2020-11-18,1.0000671687025005
2021,2020-11-19,1.0000671687025005
2022,2020-11-20,1.0000670126228504
2023,2020-11-23,1.0000665443472119
2024,2020-11-24,1.0000668565370858
2025,2020-11-25,1.000067792959966
2026,2020-11-26,1.0000681830712201
2027,2020-11-27,1.0000675978900144
2028,2020-11-30,1.000068105052025
2029,2020-12-01,1.0000678319728102
2030,2020-12-02,1.0000688071697892
2031,2020-12-03,1.0000684561263729
2032,2020-12-04,1.0000686121494875
2033,2020-12-07,1.0000689631791582
2034,2020-12-08,1.0000689241773886
2035,2020-12-09,1.0000691581822791
2036,2020-12-10,1.0000691191824185
2037,2020-12-11,1.000069314177905
2038,2020-12-14,1.0000698991071113
2039,2020-12-15,1.00007017204469
2040,2020-12-16,1.000070717863763
2041,2020-12-17,1.000072004141523
2042,2020-12-18,1.0000712246288164
2043,2020-12-21,1.0000712246288164
2044,2020-12-22,1.0000706788791658
2045,2020-12-23,1.0000701330547521
2046,2020-12-24,1.0000708737983368
2047,2020-12-28,1.0000709127810268
2048,2020-12-29,1.0000711076887554
2049,2020-12-30,1.0000716923547408
2050,2020-12-31,1.0000716923547408
2051,2021-01-04,1.0000716923547408
2052,2021-01-05,1.0000710687079724
2053,2021-01-06,1.000071731329423
2054,2021-01-07,1.000071341565445
2055,2021-01-08,1.0000714584986419
2056,2021-01-11,1.0000708737983368
2057,2021-01-12,1.000071419521291
2058,2021-01-13,1.0000712246288164
2059,2021-01-14,1.000071575428407
2060,2021-01-15,1.0000718872243388
2061,2021-01-18,1.0000715364522
2062,2021-01-19,1.000071731329423
2063,2021-01-20,1.0000717703037236
2064,2021-01-21,1.0000718482511817
2065,2021-01-22,1.0000734847956412
2066,2021-01-25,1.000074419662189
2067,2021-01-26,1.0000748091251872
2068,2021-01-27,1.000074419662189
2069,2021-01-28,1.0000747701806005
2070,2021-01-29,1.0000749648997278
2071,2021-02-01,1.0000769504914575
2072,2021-02-02,1.0000756268735895
2073,2021-02-03,1.0000757436810903
2074,2021-02-04,1.000075899419098
2075,2021-02-05,1.000076327667234
2076,2021-02-08,1.0000780012866186
2077,2021-02-09,1.000077612135537
2078,2021-02-10,1.0000775732183385
2079,2021-02-15,1.0000790518047273
2080,2021-02-16,1.0000783514900977
2081,2021-02-17,1.000078818380194
2082,2021-02-18,1.0000782736697624
2083,2021-02-19,1.0000787794747756
2084,2021-02-22,1.0000799075777036
2085,2021-02-23,1.0000795575109744
2086,2021-02-24,1.0000777678005306
2087,2021-02-25,1.0000787405689773
2088,2021-02-26,1.0000807242804814
2089,2021-03-02,1.0000816185724397
2090,2021-03-03,1.0000814630578214
2091,2021-03-04,1.0000821628258083
2092,2021-03-05,1.000083251109567
2093,2021-03-08,1.0000834065544129
2094,2021-03-09,1.0000829790664931
2095,2021-03-10,1.0000831733848699
2096,2021-03-11,1.000082590401307
2097,2021-03-12,1.0000848052851943
2098,2021-03-15,1.0000858540111381
2099,2021-03-16,1.00008445564853
2100,2021-03-17,1.0000850383592599
2101,2021-03-18,1.0000838728525674
2102,2021-03-19,1.0000818518329866
2103,2021-03-22,1.0000808020529683
2104,2021-03-23,1.0000805298426225
2105,2021-03-24,1.0000791685118662
2106,2021-03-25,1.0000798297877551
2107,2021-03-26,1.0000807242804814
2108,2021-03-29,1.0000811131277358
2109,2021-03-30,1.0000836397103117
2110,2021-03-31,1.0000844167981178
2111,2021-04-01,1.000084105981182
2112,2021-04-02,1.0000853102617722
2113,2021-04-05,1.0000877177315266
2114,2021-04-06,1.0000871742364592
2115,2021-04-07,1.0000870965882545
2116,2021-04-08,1.0000842225403743
2117,2021-04-09,1.000083289971347
